{
  "privateKey": "",
  "chainId": 1,
  "amount": 0.00000001,
  "slippagePercent": 50,
  "requiredAddress": [],
  "requiredSymbols": [],
  "customWebsocket": "",
  "retryDelay": 1000,
  "stopListeningOnValidation": true,
  "minLiquidityValue": 0,
  "checkForSwaps": true,
  "excludedSymbols": [
    "WETH",
    "USD?",
    "usd?",
    "RAIDER",
    "RADAR",
    "USDT",
    "DAI",
    "USDC",
    "SYLO",
    "WTF",
    "REEF",
    "Love",
    "SOS",
    "MC",
    "MS",
    "MARK",
    "TOKE",
    "SYN",
    "PATH",
    "CEL",
    "FNC",
    "MANA",
    "BUSD",
    "CAKE"
  ],
  "test": true
}
