{
  "privateKey": "<INSERT_PRIVATE_KEY>",
  "chainId": 1,
  "customWebsocket": "",
  "requiredAddress": [],
  "requiredSymbols": [],
  "amount": "0.0001",
  "retryDelay": 5000,
  "stopListeningOnValidation": false,
  "minLiquidityValue": 1,
  "checkForSwaps": true,
  "excludedSymbols": [
    "WETH",
    "USD?",
    "usd?",
    "RAIDER",
    "RADAR",
    "USDT",
    "DAI",
    "USDC",
    "SYLO",
    "WTF",
    "REEF",
    "Love",
    "SOS",
    "MC",
    "MS",
    "MARK",
    "TOKE",
    "SYN",
    "PATH",
    "CEL",
    "FNC",
    "MANA"
  ],
  "test": false
}
