{
  "privateKey": "",
  "chainId": 1,
  "targets": [],
  "amount": ".005",
  "slippagePercent": 20,
  "minLiquidityValue": 1,
  "customWebsocket": "",
  "validate": true,
  "excludedSymbols": [
    "USD?",
    "usd?",
    "SAND",
    "RAIDER",
    "RADAR",
    "USDT",
    "DAI",
    "USDC",
    "SYLO",
    "WTF",
    "REEF",
    "Love",
    "SOS",
    "MC",
    "MS",
    "MARK",
    "TOKE",
    "SYN",
    "PATH",
    "CEL",
    "FNC"
  ],
  "requiredSymbols": [],
  "retryDelay": 1000,
  "debug": false
}
